Cozmo,50
Son,52
Kaylyn,54
Ansell,56
Spike,58
Yuma,60
Renie,62
Rochella,64
Ailsun,66
Val,68
Luisa,70
Jocko,72
Rhianon,74
Hillard,76
Schuyler,78
Georgeanne,80
Husein,82
Minette,84
Jenelle,86
Kipp,88
Cornela,90
Farrand,92
Mariel,94
Elenore,96
Tally,98
Konstantine,100
Hardy,102
Fabio,104
Hailee,106
Ardelle,108
Sid,110
Ddene,112
Gabbie,114
Joyan,116
Arv,118
Tamarra,120
Angelica,122
Bertrando,124
Sile,126
Edna,128
Lidia,130
Blancha,132
Ferdinand,134
Elora,136
Gaynor,138
Ariadne,140
Dede,142
Goddart,144
Stanford,146
Anne-corinne,148
