0,Empty,None
1,w1,M93wbGcP2i
2,w2,nIL9Q2gFeT
3,w3,14hTVPc94n
4,w4,62FPY6C
5,w5,Y1L0QPh3nA
6,w6,w5Y663Z
7,w7,E8TH8LqgtC
8,w8,MvyUqkqKMH
9,w9,CsNnFOW
10,w10,0P8Ra91
11,w11,2PdKLW3
12,w12,2Tw0kwjnQg
13,w13,QO85z2b2f0
14,w14,uKuxxQO
15,w15,Pc3uBBD
16,w16,8qyyka4
17,w17,gDiGW7R
18,w18,9ZR7zjT
19,w19,mLeA39U
20,w20,9s11GZ7
21,w21,8KCiw06
22,w22,a9eK5l3
23,w23,UCjQDty7o8
24,w24,5wyX82mnC3
25,w25,N1RsSm2
26,w26,01UM5qh39m
27,w27,3ky9690
28,w28,4tEO18wn1w
29,w29,DPjhz5xHg3
30,w30,rGr7a4S
31,w31,5DRzDL7
32,w32,bH3ZBnV
33,w33,OwkLWpA
34,w34,0ES92sJ
35,w35,A6i4WH6
36,w36,KZy3Q4fg91
37,w37,r5Ei5uY
38,w38,tC4x2U8
39,w39,1X32WHu5sX
40,w40,vypNYkH
41,w41,Q3p18qI
42,w42,aDgegoH
43,w43,qjLan3H
44,w44,sG0oZ26
45,w45,HcdxLBgd9x
46,w46,3EP3858
47,w47,v0l06WhA4l
48,w48,rZ91B7yQMk
49,w49,4roh1z7
50,w50,lVCeNSB
101,a1,2nQ6aq8
102,a2,69Qd7hfAHx
103,a3,fEnQl92
104,a4,bH8U683
105,a5,64YCrnK
106,a6,TzQW9TJ
107,a7,vkp8Ro6
108,a8,kX1PD1O
109,a9,wz0ghk8
110,a10,6v1W5D5
111,a11,86DP31G
112,a12,UcM89m0
113,a13,XtuSZ46
114,a14,6g4SZewFjd
115,a15,dC0fz4O
116,a16,9xfFiJo0ZV
117,a17,mVm12yR
118,a18,bWmF2OW
119,a19,v4YEpy1
120,a20,O8K0IxZ
121,a21,fUN6HpT
122,a22,i79406P
123,a23,ce4ElvpFnO
124,a24,7PoZm1usHA
125,a25,dfAN6cH
126,a26,s2SjaFk60x
127,a27,qwKHSlxow3
128,a28,Jt582yZ
129,a29,s1t03ao9Vx
130,a30,thklwYxmf3
131,a31,qpqbi40
132,a32,Iwav91J
133,a33,jp10F16
134,a34,8Z88Kh8
135,a35,cqx80EkEsG
136,a36,8vpDc7z6dM
137,a37,9K32k8Q
138,a38,LJTwA8kZJI
139,a39,wtMf4IK
140,a40,8C151ywsra
141,a41,90R1TD8
142,a42,3FSdTw5
143,a43,7744saljzT
144,a44,1xg3vx5
145,a45,84JwRKQ
146,a46,Uheb9m8
147,a47,VN10zq6
148,a48,2iri79yqJ6
149,a49,4h27di8
150,a50,b8IY9m0
201,accs1,2fO3cFB
202,accs2,6cf033cJgC
203,accs3,1S0LWEoy8E
204,accs4,9hsPrCM
205,accs5,4OG6i26
206,accs6,3DnFs41
207,accs7,vZD089V
208,accs8,25C0eElUm8
209,accs9,9L7s0B6
210,accs10,6m0JEW5
211,accs11,Zt7ZE75
212,accs12,7M66zCbJAV
213,accs13,E764Zx1
214,accs14,0T9tPFR
215,accs15,8igPwl1
216,accs16,38zC5vZ
217,accs17,r6oXDK2
218,accs18,p2H6YWh2Wg
219,accs19,iifUr2uzd3
220,accs20,khfF8d0
221,accs21,ggg5ek4
222,accs22,LF2A3C4
223,accs23,m1kxxB1
224,accs24,1h2xhAV
225,accs25,yW1e2WS
226,accs26,a0tq0eS
227,accs27,0rlqEUL
228,accs28,LRkt8qA
229,accs29,WANXvx3
230,accs30,V4N8K6E
231,accs31,cIe05rcv7f
232,accs32,CAb5bPkQWA
233,accs33,4eyK4BM
234,accs34,aKR45VF
235,accs35,VsXZxwrLyG
236,accs36,9OhG938
237,accs37,RgCUvHM
238,accs38,38ygL7tsiE
239,accs39,J6jX50N
240,accs40,xF9G6j0
241,accs41,70In8kciCP
242,accs42,HX94p5b5yi
243,accs43,508dK69
244,accs44,24YQ9v4
245,accs45,F3iU3z2
246,accs46,z398sYO
247,accs47,7NRmkTW
248,accs48,z8O1m0jjW7
249,accs49,uXIE0P2
250,accs50,3l7eLezIZ5
301,cns1,XasdFG7
302,cns2,7r2hwMX
303,cns3,6C10D3rOZ6
304,cns4,Df1HfG8
305,cns5,W6vmF7lGM4
306,cns6,nU7MNRgra9
307,cns7,F9l57ZtcO4
308,cns8,yzRq13K
309,cns9,a6ZUJq6
310,cns10,YRp1iX1
311,cns11,zCSk9BwGz7
312,cns12,08mT9btif2
313,cns13,sX6Xl8B
314,cns14,s2U47j4
315,cns15,0x8ly58
316,cns16,fZnELz5
317,cns17,bJ0I8G9
318,cns18,O1904u8
319,cns19,NrS866W
320,cns20,59v78NW
321,cns21,93hTZO6
322,cns22,2RMqkzs64k
323,cns23,Qu9k6LA
324,cns24,xWKzFwkgte
325,cns25,0h6bxrq681
326,cns26,9GLyPxsYYL
327,cns27,9Z968AdFNt
328,cns28,307RDX6
329,cns29,CJLMw3Q
330,cns30,eIouaP8
331,cns31,K38YsG7
332,cns32,Sqq5uMN
333,cns33,qrWaNPh22D
334,cns34,wuPXzy0
335,cns35,5EU0W37
336,cns36,3mDA78L
337,cns37,c17KPVX
338,cns38,w1wETqL
339,cns39,8luegVD
340,cns40,xHC28pM
341,cns41,9GX7nyF
342,cns42,m7jN5yvdxM
343,cns43,63fsj2qPY8
344,cns44,lJfiP59
345,cns45,6xKF9mU
346,cns46,e6p10dda99
347,cns47,u53TSq3
348,cns48,Gw3rX7M
349,cns49,rUSLn7fgbP
350,cns50,8eb1qxlTb3
